{
  "sections": {
    "hero": {
      "type": "hero",
      "settings": {},
      "blocks": {
        "b1": {
          "type": "badge",
          "settings": {
            "badge": "Cybersecurity program delivery"
          }
        },
        "b2": {
          "type": "badge",
          "settings": {
            "badge": "NetSuite migrations + integrations"
          }
        },
        "b3": {
          "type": "badge",
          "settings": {
            "badge": "Shopify builds + SSO"
          }
        },
        "b4": {
          "type": "badge",
          "settings": {
            "badge": "PMO & governance"
          }
        }
      },
      "block_order": [
        "b1",
        "b2",
        "b3",
        "b4"
      ]
    },
    "services": {
      "type": "services",
      "settings": {},
      "blocks": {
        "s1": {
          "type": "service",
          "settings": {
            "title": "Program / PMO leadership",
            "body": "Roadmaps, governance, financial tracking, RAID, and executive reporting.",
            "tag_1": "Jira",
            "tag_2": "MS Project",
            "tag_3": "Power BI"
          }
        },
        "s2": {
          "type": "service",
          "settings": {
            "title": "Cybersecurity & IAM delivery",
            "body": "PAM, Zero Trust, DLP/CASB rollouts, and audit remediation\u2014end-to-end.",
            "tag_1": "ServiceNow",
            "tag_2": "Azure DevOps",
            "tag_3": "Policy"
          }
        },
        "s3": {
          "type": "service",
          "settings": {
            "title": "ERP / NetSuite migrations",
            "body": "Fit-gap, process optimization, change control, training, and integrations.",
            "tag_1": "NetSuite",
            "tag_2": "Celigo",
            "tag_3": "Postman"
          }
        },
        "s4": {
          "type": "service",
          "settings": {
            "title": "Shopify commerce systems",
            "body": "Store builds, custom sections, analytics instrumentation, and SSO (Azure AD).",
            "tag_1": "Shopify",
            "tag_2": "Azure AD",
            "tag_3": "GA4"
          }
        }
      },
      "block_order": [
        "s1",
        "s2",
        "s3",
        "s4"
      ]
    },
    "expertise": {
      "type": "expertise",
      "settings": {},
      "blocks": {
        "e1": {
          "type": "item",
          "settings": {
            "title": "Assessment \u2192 roadmap",
            "body": "Current-state mapping, fit-gap, risk register, and a prioritized plan."
          }
        },
        "e2": {
          "type": "item",
          "settings": {
            "title": "Implementation sprints",
            "body": "2\u20133 week sprints with measurable deliverables and stakeholder cadence."
          }
        },
        "e3": {
          "type": "item",
          "settings": {
            "title": "Change & adoption",
            "body": "Training and operating model handoff so teams can run without you."
          }
        },
        "e4": {
          "type": "item",
          "settings": {
            "title": "Measurement",
            "body": "Dashboards for KPIs/KRIs and executive reporting."
          }
        }
      },
      "block_order": [
        "e1",
        "e2",
        "e3",
        "e4"
      ]
    },
    "contact": {
      "type": "contact-cta",
      "settings": {}
    }
  },
  "order": [
    "hero",
    "services",
    "expertise",
    "contact"
  ]
}